metric,nn,cf
MEAN,0.070463,0.001754
MSE,0.008545,0.000006
RMSE,0.092441,0.002420
